{"kind": "CMA-ES", "best_geometry": {"wire0": {"x1": 0.0, "y1": 0.0, "z1": -0.0017983336462235008, "x2": 0.0, "y2": 0.0, "z2": -0.0017983336462235008, "radius": 0.0005}, "wire1": {"x1": 0.009, "y1": 0.0, "z1": -0.009582230661857396, "x2": 0.009, "y2": 0.0, "z2": -0.009582230661857396, "radius": 0.0005}, "wire2": {"x1": 0.018, "y1": 0.0, "z1": -0.0019123225029750491, "x2": 0.018, "y2": 0.0, "z2": -0.0019123225029750491, "radius": 0.0005}, "wire3": {"x1": 0.0, "y1": 0.009, "z1": -0.009445250219284562, "x2": 0.0, "y2": 0.009, "z2": -0.009445250219284562, "radius": 0.0005}, "wire4": {"x1": 0.009, "y1": 0.009, "z1": -0.010053764716135252, "x2": 0.009, "y2": 0.009, "z2": -0.010053764716135252, "radius": 0.0005}, "wire5": {"x1": 0.018, "y1": 0.009, "z1": -0.005536420637610489, "x2": 0.018, "y2": 0.009, "z2": -0.005536420637610489, "radius": 0.0005}, "wire6": {"x1": 0.0, "y1": 0.018, "z1": -0.00038677242955210056, "x2": 0.0, "y2": 0.018, "z2": -0.00038677242955210056, "radius": 0.0005}, "wire7": {"x1": 0.009, "y1": 0.018, "z1": -0.009309287053431833, "x2": 0.009, "y2": 0.018, "z2": -0.009309287053431833, "radius": 0.0005}, "wire8": {"x1": 0.018, "y1": 0.018, "z1": -0.0015050932498319887, "x2": 0.018, "y2": 0.018, "z2": -0.0015050932498319887, "radius": 0.0005}}, "best_result": 0.027361369112503198}